Cluster,PurchaseAmount,PurchaseFrequency
0,3352.5491525423727,2.688135593220339
1,1083.0139275766016,6.2144846796657385
2,3461.664739884393,8.699421965317919
